{
    "LapDistPct": [
        0.0,
        0.8,
        1.6,
        2.4000000000000004,
        3.2,
        4.0,
        4.800000000000001,
        5.6000000000000005,
        6.4,
        7.2,
        8.0,
        8.8,
        9.600000000000001,
        10.4,
        11.200000000000001,
        12.0,
        12.8,
        13.600000000000001,
        14.4,
        15.200000000000001,
        16.0,
        16.8,
        17.6,
        18.400000000000002,
        19.200000000000003,
        20.0,
        20.8,
        21.6,
        22.400000000000002,
        23.200000000000003,
        24.0,
        24.8,
        25.6,
        26.400000000000002,
        27.200000000000003,
        28.0,
        28.8,
        29.6,
        30.400000000000002,
        31.200000000000003,
        32.0,
        32.800000000000004,
        33.6,
        34.4,
        35.2,
        36.0,
        36.800000000000004,
        37.6,
        38.400000000000006,
        39.2,
        40.0,
        40.800000000000004,
        41.6,
        42.400000000000006,
        43.2,
        44.0,
        44.800000000000004,
        45.6,
        46.400000000000006,
        47.2,
        48.0,
        48.800000000000004,
        49.6,
        50.400000000000006,
        51.2,
        52.0,
        52.800000000000004,
        53.6,
        54.400000000000006,
        55.2,
        56.0,
        56.800000000000004,
        57.6,
        58.400000000000006,
        59.2,
        60.0,
        60.800000000000004,
        61.6,
        62.400000000000006,
        63.2,
        64.0,
        64.8,
        65.60000000000001,
        66.4,
        67.2,
        68.0,
        68.8,
        69.60000000000001,
        70.4,
        71.2,
        72.0,
        72.8,
        73.60000000000001,
        74.4,
        75.2,
        76.0,
        76.80000000000001,
        77.60000000000001,
        78.4,
        79.2,
        80.0,
        80.80000000000001,
        81.60000000000001,
        82.4,
        83.2,
        84.0,
        84.80000000000001,
        85.60000000000001,
        86.4,
        87.2,
        88.0,
        88.80000000000001,
        89.60000000000001,
        90.4,
        91.2,
        92.0,
        92.80000000000001,
        93.60000000000001,
        94.4,
        95.2,
        96.0,
        96.80000000000001,
        97.60000000000001,
        98.4,
        99.2,
        100.0
    ],
    "SFLine": [
        [
            215.97265599805482,
            399.1158860102635
        ],
        [
            232.93934867921863,
            386.3828054928498
        ],
        [
            228.7057365154686,
            416.08257869142733
        ]
    ],
    "a": 4.85398203539013,
    "aNorth": 0.42418479919433594,
    "ds": 10,
    "name": "charlotte 2018 legendsrcshort",
    "sTrack": 1250.0,
    "tLap": {
        "Dallara F3": 59.02389907836914,
        "Ford 34C": 44.81666666723686
    },
    "x": [
        230.8225425973436,
        212.97529172893093,
        194.4108977976271,
        176.01451716678176,
        158.00375136592746,
        140.5445774596038,
        124.09871601014763,
        109.06592609024928,
        95.52635660568465,
        83.43824781226411,
        72.67245922244454,
        63.22301567325914,
        55.28102577787608,
        49.01701606664505,
        44.39619483898724,
        41.441164051521504,
        40.15764033416091,
        40.20488393254109,
        41.506013579797774,
        44.318395472940495,
        49.53830004299654,
        57.873852402713275,
        69.20936901639668,
        83.23048571009602,
        99.4668449592696,
        116.87593709481834,
        134.82975987890597,
        152.7391633599517,
        170.84431384390206,
        189.10795033827162,
        207.48115808813128,
        225.90871220415946,
        244.36608138007688,
        262.8540328206329,
        281.3647224100408,
        299.89829264393285,
        318.50393358348293,
        337.13856655420705,
        355.67245338687985,
        373.83190645366466,
        391.17115161218567,
        407.1368202915294,
        420.91874730720303,
        431.69027795038096,
        440.3798770876151,
        446.93678152402595,
        451.89373907213127,
        455.2918852379497,
        457.9053502462228,
        460.7976763823532,
        463.8825537589189,
        467.32533775641514,
        471.4365373738702,
        476.4418777346498,
        483.4994230763404,
        493.15077358108107,
        505.78048904956125,
        521.5478764373374,
        539.2392929160804,
        557.3988471945071,
        574.205246521009,
        589.1970277990337,
        601.9018647890052,
        611.6704478029983,
        618.2617497958256,
        620.9079415320113,
        618.9382256839859,
        611.8436412874887,
        600.8968670517698,
        588.3429014027539,
        576.0738511016397,
        565.7979991073325,
        558.1678956851557,
        553.59398869863,
        553.5680504669799,
        558.0768989347149,
        567.3746358316258,
        580.2748757245903,
        595.3654021139054,
        611.846102706527,
        629.6301142046899,
        647.9747445212658,
        664.9731690436827,
        680.9813149062481,
        695.4387455569849,
        708.0131136089437,
        719.7133164276219,
        730.3164965601503,
        739.6879722834851,
        747.4179318541546,
        753.4812939099972,
        757.6109933663092,
        759.7397719708572,
        759.6905904535353,
        757.0880278850491,
        751.7188938468598,
        743.5461315803826,
        732.7876181439843,
        719.648333035751,
        704.354112688694,
        687.6098620017942,
        670.201812460123,
        652.4583275907455,
        634.5732365241273,
        616.7145119808622,
        598.9503782067274,
        581.0847964497322,
        562.8915336248612,
        544.4741525076182,
        525.9497644685092,
        507.3925478020742,
        488.8152815794723,
        470.3055344847484,
        451.9923770901331,
        433.66375550872766,
        415.29769107982975,
        396.901527816807,
        378.43535422983354,
        359.92914413110685,
        341.384865595756,
        322.8014287165432,
        304.1881728920213,
        285.5373650670318,
        266.8932257574847,
        248.26064692387126,
        230.8225425973436
    ],