{
    "LapDistPct": [
        0.0,
        1.694915254237288,
        3.389830508474576,
        5.084745762711864,
        6.779661016949152,
        8.47457627118644,
        10.169491525423728,
        11.864406779661017,
        13.559322033898304,
        15.254237288135592,
        16.94915254237288,
        18.64406779661017,
        20.338983050847457,
        22.033898305084744,
        23.728813559322035,
        25.423728813559322,
        27.11864406779661,
        28.813559322033896,
        30.508474576271183,
        32.20338983050847,
        33.89830508474576,
        35.59322033898305,
        37.28813559322034,
        38.983050847457626,
        40.67796610169491,
        42.3728813559322,
        44.06779661016949,
        45.762711864406775,
        47.45762711864407,
        49.152542372881356,
        50.847457627118644,
        52.54237288135593,
        54.23728813559322,
        55.932203389830505,
        57.62711864406779,
        59.32203389830508,
        61.01694915254237,
        62.71186440677966,
        64.40677966101694,
        66.10169491525423,
        67.79661016949152,
        69.49152542372882,
        71.1864406779661,
        72.88135593220339,
        74.57627118644068,
        76.27118644067797,
        77.96610169491525,
        79.66101694915254,
        81.35593220338983,
        83.05084745762711,
        84.7457627118644,
        86.44067796610169,
        88.13559322033898,
        89.83050847457626,
        91.52542372881355,
        93.22033898305084,
        94.91525423728814,
        96.61016949152543,
        98.30508474576271,
        100.0
    ],
    "LapDistPctPitIn": null,
    "LapDistPctPitOut": null,
    "SFLine": [
        [
            510.5847041091356,
            439.1448611404544
        ],
        [
            496.4642382219307,
            454.9756047467505
        ],
        [
            494.7539605028395,
            425.0243952532495
        ]
    ],
    "a": 1.5137561436997975,
    "aNorth": 4.89,
    "ds": 10,
    "name": "default",
    "sTrack": 590.0,
    "tLap": {
        "Acura ARX-06": 0.0,
        "Cadillac V-Series.R": 0.0,
        "Dallara P217 LMP2": 0.0,
        "FIA F4": 0.0,
        "Ferrari 488 GT3 Evo 2020": 0.0,
        "Ford Mustang GT3": 0.0,
        "Formula IR-04": 0.0,
        "MX-5 Cup": 0.0,
        "Mercedes AMG GT4": 0.0,
        "Mercedes GT3 2020": 0.0,
        "Porsche 963": 0.0,
        "RT2000": 0.0,
        "Ray Formula 1600": 0.0,
        "Renault Clio R.S. V": 0.0,
        "default": 0.0
    },
    "x": [
        495.6090993623851,
        502.8235735760122,
        529.7217341818722,
        558.6338647841071,
        586.3921855872618,
        616.3369214036045,
        642.0533038188937,
        666.6680742090199,
        688.2799255699637,
        704.7682534627263,
        717.5885848225573,
        725.3358063611967,
        727.528848118603,
        723.918175420868,
        715.1403766687596,
        703.022462801058,
        686.0514316640456,
        667.6364353044635,
        641.1459892475168,
        617.8166829684681,
        589.2972319625644,
        560.7068410124875,
        533.6436020616628,
        500.0584245073304,
        474.2305716732071,
        441.79187940311243,
        411.53665692413875,
        382.77372339000436,
        355.9791566733119,
        327.04283258107046,
        298.5273616097253,
        270.0784993182012,
        239.72095513924543,
        210.43111574380205,
        181.4075227076698,
        154.6451995780283,
        130.02557218878746,
        111.46783439349963,
        95.30465539406316,
        81.98398194712479,
        75.00724034061318,
        72.47115188139696,
        73.94538820914397,
        78.08113777816743,
        88.93018146590566,
        104.46238000612243,
        123.09251753223418,
        143.7414298161617,
        169.54215139198476,
        196.2458561908545,
        226.71860714954116,
        251.92539386524666,
        280.4346636650036,
        310.6125228346431,
        338.4692357051227,
        370.8908095694426,
        399.63498111449957,
        430.6901667853752,
        462.45679480593094,
        495.6090993623851
    ],
    "y": [
        440.0,
        439.7361730984951,
        437.47907304105684,
        432.28707679337606,
        423.858095303322,
        410.49590344192615,
        393.92090050323566,
        372.84190012100964,
        348.8916586938242,
        324.10138037249607,
        297.7456361420442,
        268.9070599114716,
        238.2448674879988,
        210.10340143477487,
        179.80597705576912,
        153.06712081180484,
        127.05856535817912,
        107.28099498596885,
        85.83718127910652,
        72.97212213275719,
        61.23151926208482,
        52.86878575483232,
        47.50506673896351,
        43.5218872607783,
        42.28921205181874,
        41.91508282451619,
        42.001054447480584,
        41.70538169018246,
        40.90132876361926,
        40.35438301343447,
        40.0,
        40.99783622016915,
        43.95990893247145,
        49.717789895007286,
        59.96572473035809,
        73.98184945352185,
        93.00431420672635,
        114.92199278001281,
        140.35276651529992,
        170.44679940459335,
        197.48959544256138,
        224.38372257009667,
        256.81582413318364,
        279.7773398344525,
        310.88197905235427,
        339.8005138123133,
        363.732582914713,
        382.66592993655394,
        399.6720502137,
        412.2304720691782,
        421.7354003842546,
        426.453991181462,
        429.46059254559054,
        431.40976684502016,
        433.41501098634205,
        435.4366356896114,
        437.16032411222454,
        438.8407894899666,
        439.73529889629424,
        440.0
    ]
}