{
    "LapDistPct": [
        0.0,
        1.8867924528301887,
        3.7735849056603774,
        5.660377358490566,
        7.547169811320755,
        9.433962264150944,
        11.320754716981131,
        13.20754716981132,
        15.09433962264151,
        16.9811320754717,
        18.867924528301888,
        20.754716981132077,
        22.641509433962263,
        24.528301886792452,
        26.41509433962264,
        28.30188679245283,
        30.18867924528302,
        32.075471698113205,
        33.9622641509434,
        35.84905660377358,
        37.735849056603776,
        39.62264150943396,
        41.509433962264154,
        43.39622641509434,
        45.283018867924525,
        47.16981132075472,
        49.056603773584904,
        50.943396226415096,
        52.83018867924528,
        54.716981132075475,
        56.60377358490566,
        58.49056603773585,
        60.37735849056604,
        62.264150943396224,
        64.15094339622641,
        66.0377358490566,
        67.9245283018868,
        69.81132075471699,
        71.69811320754717,
        73.58490566037736,
        75.47169811320755,
        77.35849056603773,
        79.24528301886792,
        81.13207547169812,
        83.01886792452831,
        84.90566037735849,
        86.79245283018868,
        88.67924528301887,
        90.56603773584905,
        92.45283018867924,
        94.33962264150944,
        96.22641509433963,
        98.11320754716981,
        100.0
    ],
    "SFLine": [
        [
            107.58788961090396,
            382.5518146667517
        ],
        [
            116.95108797102536,
            363.51683327802897
        ],
        [
            126.62287099962667,
            391.91501302687305
        ]
    ],
    "a": 4.384132844076595,
    "aNorth": 5.506774425506592,
    "ds": 10,
    "name": "lanier dirt",
    "sTrack": 530.0,
    "tLap": {
        "Ray Formula 1600": 1701.2166748044417
    },
    "x": [
        121.78697948532601,
        114.79947059487954,
        107.50505210687169,
        106.31812691872516,
        107.37612298387337,
        729.5132491074395,
        737.4323222412313,
        745.6070914601979,
        752.2731565098999,
        757.2326938037259,
        759.9831191555261,
        757.1770046097432,
        751.3300994048542,
        742.5684994099929,
        731.2265939267809,
        716.7427681916851,
        700.5647591472599,
        681.2245577212175,
        657.4871540446359,
        632.1564841340818,
        605.242313473347,
        577.1150328266082,
        548.6596531246561,
        519.7782276342565,
        490.18372430749673,
        460.97107310214676,
        431.1128541734132,
        401.54223321659646,
        371.6190673237527,
        341.52113301678696,
        309.8064939506626,
        277.5736522486957,
        245.06112338543662,
        214.30071091060955,
        183.0731337224522,
        153.01431601821767,
        127.14615629531144,
        103.65642121619518,
        83.17794129031127,
        66.28735526358015,
        53.53121225717693,
        44.990887137231674,
        40.84657385620639,
        40.556906282016236,
        43.91193847696115,
        49.69847729248439,
        58.261283313626365,
        67.04524644306264,
        76.32622362048005,
        84.94736362906582,
        93.84732986848567,
        103.16905263959053,
        113.1287131066916,
        121.78697948532601
    ],
    "y": [
        377.715923152451,
        381.4054660229552,
        386.79692992648506,
        391.94514239003684,
        395.8026864857873,
        262.6177119230852,
        261.1501106518076,
        257.82992172939566,
        251.7194366027507,
        242.4201011858761,
        229.42766060966773,
        213.77627385237886,
        196.7462872640103,
        179.81028967921029,
        162.6766432165831,
        146.3651153818125,
        131.51630918829798,
        118.11730680445746,
        106.69961198825791,
        97.0911689975594,
        89.42839308646069,
        83.69769888921701,
        79.7832804642943,
        77.29251243904757,
        75.83084925780263,
        75.23206296122089,
        75.50011398479236,
        76.30529045285927,
        77.68554328320309,
        79.42722023401282,
        81.59924651531655,
        85.23497600017028,
        91.51822590872409,
        100.92582689341906,
        113.95903079477571,
        130.28774698797557,
        149.3242311957212,
        170.7926592105911,
        194.47202513139868,
        218.83680930079032,
        243.73110000095633,
        268.14885243801353,
        291.1175545030754,
        312.1444453545819,
        330.7297732235967,
        346.1406553651522,
        357.1565046509901,
        363.3258853901545,
        365.01726929651153,
        365.2740170833711,
        367.72201854383405,
        370.9972195969726,
        373.94803828805436,
        377.715923152451
    ]
}