{
    "LapDistPct": [
        0.0,
        2.3255813953488373,
        4.651162790697675,
        6.976744186046512,
        9.30232558139535,
        11.627906976744187,
        13.953488372093023,
        16.27906976744186,
        18.6046511627907,
        20.930232558139537,
        23.255813953488374,
        25.581395348837212,
        27.906976744186046,
        30.232558139534884,
        32.55813953488372,
        34.88372093023256,
        37.2093023255814,
        39.53488372093023,
        41.86046511627907,
        44.18604651162791,
        46.51162790697675,
        48.83720930232558,
        51.162790697674424,
        53.48837209302326,
        55.81395348837209,
        58.139534883720934,
        60.46511627906977,
        62.79069767441861,
        65.11627906976744,
        67.44186046511628,
        69.76744186046513,
        72.09302325581396,
        74.4186046511628,
        76.74418604651163,
        79.06976744186046,
        81.39534883720931,
        83.72093023255815,
        86.04651162790698,
        88.37209302325581,
        90.69767441860466,
        93.0232558139535,
        95.34883720930233,
        97.67441860465117,
        100.0
    ],
    "SFLine": [
        [
            468.6062092650333,
            438.8066736105269
        ],
        [
            453.5714208263081,
            453.7718043016627
        ],
        [
            453.6410785738975,
            423.77188517180167
        ]
    ],
    "a": 1.5731182538009294,
    "aNorth": 1.144411563873291,
    "ds": 10,
    "name": "limaland",
    "sTrack": 430.0,
    "tLap": {
        "Stock Winged Micro Sprint": 15.150000000192904
    },
    "x": [
        453.6062497001028,
        491.97499905614757,
        530.5014126995308,
        566.86666616365,
        599.6152183564434,
        627.3665369324257,
        648.7228526349916,
        664.5754887826733,
        674.996488161965,
        681.7102233554589,
        684.656825646562,
        681.9585966186338,
        672.5500794078496,
        654.6568375309632,
        629.0529442031709,
        598.4104199144897,
        561.2886329017308,
        521.8124326064752,
        481.83590408526845,
        441.6410393448958,
        401.69068404515133,
        362.1220526992936,
        322.4058450479946,
        283.1925853810829,
        246.29821033330418,
        212.2869618007903,
        182.22701813250043,
        159.41835103575144,
        143.15655020465374,
        129.0407535128831,
        119.45515346748702,
        115.42623721478796,
        117.08788910796832,
        124.88406655857781,
        139.89102720977584,
        162.53414030442642,
        190.51884027303706,
        223.00205211932146,
        259.2091018242163,
        297.47853678019806,
        336.50871816718205,
        375.716248444405,
        415.1558332269332,
        453.6062497001028
    ],
    "y": [
        438.7718447367322,
        438.0964400984012,
        432.2817491903046,
        418.60419608588364,
        398.0373685559711,
        373.13741917131966,
        345.34999961721957,
        315.80720977397476,
        286.3785264077156,
        256.86942265147354,
        224.83370333614187,
        192.28738011438622,
        158.49055298374546,
        125.66793190784645,
        97.32389140588539,
        70.4555359751909,
        53.17326937906894,
        44.47223154934213,
        40.392600764576606,
        40.786536550293675,
        43.67598470164457,
        45.34293735252342,
        45.16360661697311,
        50.589275775088396,
        64.28524464022455,
        82.36405042275459,
        105.58142443192892,
        134.3479909226183,
        163.6441735061432,
        192.07991577581402,
        220.73800413600927,
        250.34360241762593,
        281.998721561878,
        312.90935139374733,
        342.930384191324,
        369.84187868195903,
        391.5748659284282,
        408.5512922537612,
        420.61212621668227,
        429.39746482194516,
        435.24458535089286,
        438.6431800205501,
        439.99991014041586,
        438.7718447367322
    ]
}}