{
    "LapDistPct": [
        0.0,
        1.3888888888888888,
        2.7777777777777777,
        4.166666666666666,
        5.555555555555555,
        6.944444444444445,
        8.333333333333332,
        9.722222222222221,
        11.11111111111111,
        12.5,
        13.88888888888889,
        15.277777777777777,
        16.666666666666664,
        18.055555555555554,
        19.444444444444443,
        20.833333333333332,
        22.22222222222222,
        23.61111111111111,
        25.0,
        26.38888888888889,
        27.77777777777778,
        29.166666666666664,
        30.555555555555554,
        31.944444444444443,
        33.33333333333333,
        34.72222222222222,
        36.11111111111111,
        37.5,
        38.888888888888886,
        40.27777777777778,
        41.666666666666664,
        43.05555555555556,
        44.44444444444444,
        45.83333333333333,
        47.22222222222222,
        48.61111111111111,
        50.0,
        51.388888888888886,
        52.77777777777778,
        54.166666666666664,
        55.55555555555556,
        56.94444444444444,
        58.33333333333333,
        59.72222222222222,
        61.11111111111111,
        62.5,
        63.888888888888886,
        65.27777777777777,
        66.66666666666666,
        68.05555555555556,
        69.44444444444444,
        70.83333333333333,
        72.22222222222221,
        73.61111111111111,
        75.0,
        76.38888888888889,
        77.77777777777777,
        79.16666666666666,
        80.55555555555556,
        81.94444444444444,
        83.33333333333333,
        84.72222222222221,
        86.11111111111111,
        87.5,
        88.88888888888889,
        90.27777777777777,
        91.66666666666666,
        93.05555555555556,
        94.44444444444444,
        95.83333333333333,
        97.22222222222221,
        98.61111111111111,
        100.0
    ],
    "SFLine": [
        [
            751.1539165969746,
            165.28878307584563
        ],
        [
            735.799904749865,
            150.65135433310462
        ],
        [
            765.7913453397156,
            149.9347712287361
        ]
    ],
    "a": 3.1177042781742603,
    "aNorth": 2.111698627471924,
    "ds": 10,
    "name": "skidpad",
    "sTrack": 720.0,
    "tLap": {
        "Dallara P217 LMP2": 11.933333333339476,
        "Formula IR-04": 0.0,
        "Renault Clio R.S. V": 29.246999740600586
    },
    "x": [
        750.7956250447903,
        750.6349173333077,
        750.349569769352,
        750.0384244259997,
        750.282995947108,
        750.4455619029352,
        749.9678418113658,
        745.6097280513346,
        733.1073725125934,
        712.5866847206278,
        687.6119300281276,
        661.9928308328259,
        637.1422108618284,
        611.6509844519503,
        586.0843649524495,
        560.6534958703367,
        538.4173880328094,
        513.755985173521,
        488.68867031527674,
        464.2946546551455,
        438.44633548808116,
        413.35213024650443,
        390.21513354851726,
        365.3717701874698,
        341.62948884732543,
        317.43473441379007,
        292.55451853730887,
        270.3706300502516,
        248.39864619957999,
        226.47596791194132,
        204.68278598499884,
        183.12928682140546,
        161.90680312324204,
        140.94285050909915,
        119.52241084849395,
        94.90213326476291,
        72.20232211542016,
        55.64173442150289,
        50.50103325041655,
        68.36429597219667,
        92.18836346101804,
        115.98699135768524,
        139.37832992633415,
        161.38796120192228,
        182.69875894605593,
        203.3517669777335,
        223.38062062359273,
        243.30351394135545,
        263.2364352318472,
        283.2339789604832,
        303.2496638208468,
        323.42421404718283,
        343.6540986798241,
        364.1126300780548,
        385.316270786652,
        407.681908006931,
        431.13215039442764,
        455.29513697185007,
        479.9732431435881,
        504.7757263526054,
        529.569630078151,
        554.3244504423618,
        575.5185373287874,
        585.9552347850324,
        607.277855857882,
        633.1084830979321,
        658.4368292752536,
        683.1269677025222,
        706.4770391409737,
        725.6807981724979,
        739.868099044738,
        748.1669393435179,
        750.7956250447903
    ],
    "y": [
        150.29306278092037,
        175.8143771885013,
        201.58649512535283,
        227.5585864643371,
        253.32729130379684,
        279.10217144846837,
        304.93296049117015,
        330.401377011625,
        352.73364623760585,
        367.5958624515466,
        373.4220903645447,
        371.0353811085984,
        364.49040156971256,
        362.188566588926,
        365.5791176792453,
        365.190755099701,
        352.38331027079755,
        345.9517262842897,
        350.38079484234197,
        357.7614267217241,
        359.7645917869309,
        353.7684650113493,
        342.36395346902503,
        335.3884396295166,
        325.2874661053629,
        316.72794408439813,
        322.10180137366035,
        335.2879585241082,
        348.72060180949313,
        362.2864896550971,
        375.99791916089896,
        390.13738474347986,
        404.83259177837385,
        419.838040377493,
        434.2799251053846,
        439.79541197566346,
        429.4476067975419,
        409.73069968734717,
        385.74529217232515,
        368.67631109108595,
        358.9299239493024,
        349.07140347109936,
        338.3674800216408,
        325.0696186414353,
        310.75085533484264,
        295.3639675986241,
        279.187904419592,
        262.8598169656556,
        246.51001867104685,
        230.22482067717198,
        213.98329434983472,
        197.92579819534953,
        181.92401771504584,
        166.23203567093776,
        151.64084384924635,
        138.9670314407515,
        128.48581411466557,
        119.70614811322697,
        112.29670848552242,
        105.10053419135066,
        97.86694041717517,
        90.34092784929864,
        77.65906141150802,
        54.419122862534934,
        41.21159522931155,
        40.382847975942596,
        43.78899109178365,
        50.89001114458249,
        62.49719595361075,
        79.57365430849147,
        100.59538240708484,
        124.7370678585174,
        150.29306278092037
    ]
}