{
    "SFLine": [
        [
            516.2099525795613,
            424.5624951330345
        ],
        [
            503.0515586739982,
            441.20150561521274
        ],
        [
            499.57094209738307,
            411.40410122747136
        ]
    ],
    "a": 1.454513897203812,
    "aNorth": 4.950675964355469,
    "dist": [
        0.0,
        1.694915254237288,
        3.389830508474576,
        5.084745762711864,
        6.779661016949152,
        8.47457627118644,
        10.169491525423728,
        11.864406779661017,
        13.559322033898304,
        15.254237288135592,
        16.94915254237288,
        18.64406779661017,
        20.338983050847457,
        22.033898305084744,
        23.728813559322035,
        25.423728813559322,
        27.11864406779661,
        28.813559322033896,
        30.508474576271183,
        32.20338983050847,
        33.89830508474576,
        35.59322033898305,
        37.28813559322034,
        38.983050847457626,
        40.67796610169491,
        42.3728813559322,
        44.06779661016949,
        45.762711864406775,
        47.45762711864407,
        49.152542372881356,
        50.847457627118644,
        52.54237288135593,
        54.23728813559322,
        55.932203389830505,
        57.62711864406779,
        59.32203389830508,
        61.01694915254237,
        62.71186440677966,
        64.40677966101694,
        66.10169491525423,
        67.79661016949152,
        69.49152542372882,
        71.1864406779661,
        72.88135593220339,
        74.57627118644068,
        76.27118644067797,
        77.96610169491525,
        79.66101694915254,
        81.35593220338983,
        83.05084745762711,
        84.7457627118644,
        86.44067796610169,
        88.13559322033898,
        89.83050847457626,
        91.52542372881355,
        93.22033898305084,
        94.91525423728814,
        96.61016949152543,
        98.30508474576271,
        100.0
    ],
    "ds": 10,
    "name": "southboston",
    "sTrack": 590.0,
    "x": [
        501.31125038569064,
        512.0562826592552,
        540.5862867106848,
        568.7785489055041,
        595.9007353035762,
        621.9836545665441,
        644.905378692135,
        666.0606673260394,
        683.5191414014166,
        697.680436384198,
        706.7779946368883,
        709.7982988296015,
        707.1287599855997,
        699.9787774865309,
        688.4393426397361,
        671.2182236135465,
        649.7003156249713,
        625.7149206506425,
        599.1072093498169,
        569.9849484523088,
        541.2158859560193,
        511.99780064961783,
        483.52473987444284,
        455.92271115691,
        428.865290256683,
        402.1055762287387,
        375.40506836783914,
        348.83349401350847,
        322.43487615886596,
        296.3257211367728,
        270.48477330068437,
        245.04557232073685,
        219.95824017690913,
        195.20697932116425,
        171.60550788437482,
        148.8144183330686,
        130.4591863163099,
        115.05088551835979,
        102.87312387224108,
        94.36473265277152,
        90.20170117039845,
        91.08773779940827,
        96.15547192474878,
        105.23094583106479,
        117.61357423172603,
        134.28833144886278,
        154.23943609653358,
        176.9245267175899,
        201.97934959310956,
        228.2999457967415,
        255.9489479157212,
        281.56140816949016,
        308.44231886642615,
        335.4968717251574,
        362.9487785158486,
        390.8193084881196,
        418.57452994279663,
        446.3018830798629,
        474.1177160394251,
        501.31125038569064
    ],
    "y": [
        426.30280342134205,
        425.057771265866,
        420.6911540949053,
        413.1287614717954,
        401.35177278543745,
        386.34611586344806,
        366.6267441991917,
        344.709363310275,
        319.1171994533154,
        291.10098801614083,
        260.89025170755826,
        229.8149906836275,
        198.56317458489352,
        167.96917043300843,
        138.6620398065299,
        112.42949214465794,
        90.0124331150908,
        70.54237434758932,
        54.999188842235526,
        44.288954462229356,
        40.0,
        41.0028567772647,
        45.177874276760974,
        50.80468542838594,
        57.02809154529882,
        63.41594252995452,
        69.71267848776773,
        75.96718007733438,
        82.46567821459894,
        89.15528494800418,
        95.95210386674268,
        103.1201545394411,
        111.08963380140221,
        120.14571952082133,
        131.99870767159382,
        148.41613748458974,
        166.68202171505627,
        187.70222907785455,
        211.6868479232948,
        237.42098834723325,
        264.94121300734497,
        291.2486049033132,
        318.0323471231165,
        343.3797457040256,
        365.9381658926376,
        387.5508450102602,
        405.8658842792939,
        420.69795196412326,
        431.3723921115752,
        437.69164368279525,
        440.0,
        439.7345168661155,
        439.47073962155196,
        438.4557309277324,
        437.0435159037342,
        435.3472418129254,
        433.38854719517326,
        431.1461495259149,
        428.74549216278035,
        426.30280342134205
    ]
}