{
    "BDRS": false,
    "BP2P": false,
    "NABSDisabled": 0,
    "NTC1Disabled": 0,
    "NTC2Disabled": 0,
    "UpshiftStrategy": 1,
    "UserShiftFlag": [
        true,
        true,
        true,
        true,
        true,
        false,
        false
    ],
    "UserShiftRPM": [
        4000,
        4000,
        4000,
        4000,
        4000,
        4000,
        4000
    ],
    "dcList": [
        "dcBrakeBias"
    ],
    "iRShiftRPM": [
        8000.0,
        8400.0,
        8400.0,
        8500.0
    ],
    "name": "default",
    "tLap": {
        "default": [
            0.0,
            0.06555455845393868,
            0.23465864658371555,
            0.5199251824973247,
            0.8078361994208401,
            1.099085887864146,
            1.3920202233234507,
            1.7180061915580507,
            1.9733066677867788,
            2.340575392943681,
            2.5860344720804878,
            2.84155417097765,
            3.133959696333258,
            3.425681273494023,
            3.7155920011191985,
            3.9895107888025327,
            4.278383960711039,
            4.565631374689074,
            4.854309912351753,
            5.142191383729481,
            5.48277761785073,
            5.705523965386693,
            5.979617926647197,
            6.247828489907836,
            6.513659211488743,
            6.788762669568977,
            7.045199465537359,
            7.310212967885373,
            7.574200215542132,
            7.914911986112417,
            8.12285012189022,
            8.364412772215918,
            8.63053941001352,
            8.897319143926344,
            9.164404210960848,
            9.433666555251335,
            9.717147173000743,
            9.972455635310784,
            10.24146456952874,
            10.50923803685464,
            10.787696244855434,
            11.037710716227373,
            11.301632495578074,
            11.613443754823269,
            11.817077267863299,
            12.07475065656438,
            12.331031223896913,
            12.588555398198162,
            12.849231299165128,
            13.109525905418488,
            13.432027063468679,
            13.627218490897496,
            13.903584618633577,
            14.148468098380631,
            14.409726012136808,
            14.671593224847994,
            14.933570531324557,
            15.196005288250442,
            15.458949660106667,
            16.069799423217773
        ]
    }
}