{
    "BDRS": false,
    "BP2P": false,
    "NABSDisabled": 0,
    "NTC1Disabled": 0,
    "NTC2Disabled": 0,
    "UpshiftStrategy": 1,
    "UserShiftFlag": [
        true,
        true,
        true,
        true,
        true,
        false,
        false
    ],
    "UserShiftRPM": [
        4000,
        4000,
        4000,
        4000,
        4000,
        4000,
        4000
    ],
    "dcList": {
        "dcBrakeBias": [
            "BrakeBias",
            true,
            1
        ],
        "dcFuelMixture": [
            "FuelMixture",
            true,
            0
        ],
        "dcHeadlightFlash": [
            "HeadlightFlash",
            false,
            0
        ],
        "dcPitSpeedLimiterToggle": [
            "PitSpeedLimiterToggle",
            false,
            0
        ],
        "dcStarter": [
            "Starter",
            false,
            0
        ],
        "dcThrottleShape": [
            "ThrottleShape",
            true,
            0
        ],
        "dcTractionControl": [
            "TractionControl",
            true,
            0
        ],
        "dcTractionControl2": [
            "TractionControl2",
            true,
            0
        ],
        "dcTractionControlToggle": [
            "TractionControlToggle",
            true,
            0
        ]
    },
    "iRShiftRPM": [
        6100.0,
        6550.0,
        6475.0,
        6525.0
    ],
    "name": "Ferrari 488 GTE",
    "tLap": {
        "nurburgring gpshort": [
            0.0,
            0.025663152164544775,
            0.05947132804140791,
            0.2420952200234155,
            0.42319074946907287,
            0.6028319646258227,
            0.7810299373999771,
            0.9578631628865594,
            1.1333771517351523,
            1.3076503720053767,
            1.4807221263414085,
            1.6526701119824714,
            1.8234713911880425,
            1.9932633502120658,
            2.1620340142218573,
            2.329841279618727,
            2.4967126255600736,
            2.6627322197661094,
            2.8283290548155886,
            2.9931158691069073,
            3.1570795106826157,
            3.3202398213321853,
            3.482612139006864,
            3.644249427176734,
            3.8051497361497346,
            3.9653442053286976,
            4.124864764746861,
            4.283657337617904,
            4.441785658970862,
            4.599323365456874,
            4.756249412315055,
            4.91255748686417,
            5.068275043540905,
            5.223421339722804,
            5.378014714338547,
            5.532068149561719,
            5.685589840314029,
            5.838577775574503,
            5.991036818019399,
            6.143014542055594,
            6.294498889040362,
            6.445512938639826,
            6.596086311537402,
            6.7462356003388635,
            6.895932846991693,
            7.045189267967412,
            7.194086172565854,
            7.342770285930759,
            7.49427537089069,
            7.652084328075536,
            7.8174392912718655,
            7.990922188112469,
            8.17151588966397,
            8.358750351094876,
            8.553309741668613,
            8.7561018795395,
            8.968023274651397,
            9.189510802603515,
            9.420887928071366,
            9.663246916365193,
            9.920593765464565,
            10.19951465673851,
            10.52700842782291,
            11.008566990815915,
            18.52670140320523,
            18.96642239927914,
            19.314414539111397,
            19.71971590311831,
            20.148984391037065,
            20.55485066499655,
            20.9920858593886,
            21.527135017352062,
            22.081294100687728,
            22.61899158112495,
            23.104749690648312,
            23.546733086341465,
            23.959449031117625,
            24.333868207371356,
            24.678429718168093,
            25.002491170305632,
            25.30216607644025,
            25.584498352100834,
            25.852942664501345,
            26.111263782906075,
            26.36145655755698,
            26.60426900649982,
            26.841040790936113,
            27.073736486919323,
            27.301700964163082,
            27.525132206460658,
            27.744215520566968,
            27.959220564484358,
            28.170602403972143,
            28.378480652046026,
            28.583315696741792,
            28.78518327687783,
            28.98428945184222,
            29.180876082619445,
            29.375656065351613,
            29.568864382048233,
            29.760092369648703,
            29.9493636783021,
            30.136743523347334,
            30.322225140188863,
            30.505932799357666,
            30.688066338772273,
            30.873495610549224,
            31.069191070114037,
            31.27486444104784,
            31.490276199967564,
            31.71466090648185,
            31.945673869394863,
            32.17930754936109,
            32.41760210172088,
            32.66044370251512,
            32.905708221659225,
            33.15440414521634,
            33.408700117010234,
            33.66421271985423,
            33.917149562003836,
            34.16766234104483,
            34.41798314252626,
            34.66669973503372,
            34.91228832846648,
            35.1538590913611,
            35.402990172698566,
            35.67041438025421,
            35.955515615800905,
            36.25029909161167,
            36.545551454541794,
            36.835913137088866,
            37.139111190016145,
            37.46745199221038,
            37.81076334736821,
            38.17125035088578,
            38.534315654998814,
            38.89377522983376,
            39.23600550025627,
            39.55143960921804,
            39.84204669358453,
            40.119752243223395,
            40.38489300215308,
            40.63940535585458,
            40.884707518196244,
            41.123258012139026,
            41.35653306327836,
            41.58403576967493,
            41.80645573327545,
            42.0241668828461,
            42.23763462309755,
            42.44714491857311,
            42.65316749178212,
            42.855994409588874,
            43.05591404867188,
            43.253109787017046,
            43.44789223954951,
            43.640953400665346,
            43.83169338373137,
            44.02028420890787,
            44.20685711363118,
            44.39151592313026,
            44.57429930144262,
            44.75533035822358,
            44.93459460085236,
            45.112117704546215,
            45.28816538515624,
            45.462795355138525,
            45.636041058924995,
            45.80793985566124,
            45.97853289354605,
            46.147812309460946,
            46.315875272234024,
            46.48277658424687,
            46.64897988908328,
            46.814136681464035,
            46.97818763377736,
            47.14162085588626,
            47.3092654806309,
            47.48565674013445,
            47.67227418734855,
            47.87009495546925,
            48.08062359216467,
            48.30368726757273,
            48.537662374660215,
            48.78332433690373,
            49.04645881374303,
            49.32650256118172,
            49.61666605392776,
            49.90850240050205,
            50.226792350872934,
            50.564351412685916,
            50.92947373422845,
            51.312615572356336,
            51.69884690471124,
            52.086489658247025,
            52.45458159575097,
            52.80213842065392,
            53.138128647587024,
            53.451836479426234,
            53.757144526920236,
            54.05757867033735,
            54.34731435133729,
            54.6274263119698,
            54.897703356272785,
            55.15793234074203,
            55.410427847496926,
            55.65566621355978,
