{
    "BDRS": false,
    "BP2P": false,
    "NABSDisabled": 0,
    "NTC1Disabled": 0,
    "NTC2Disabled": 0,
    "UpshiftStrategy": 4,
    "UserShiftFlag": [
        true,
        true,
        true,
        true,
        true,
        false,
        false
    ],
    "UserShiftRPM": [
        7793.0,
        7860.0,
        8035.0,
        8127.0,
        8217.0,
        4000.0,
        4000.0
    ],
    "dcList": [
        "dcBrakeBias"
    ],
    "iRShiftRPM": [
        6200.0,
        7600.0,
        7600.0,
        7650.0
    ],
    "name": "Ford Fiesta RS",
    "tLap": {
        "irp rallycross": [
            0.0,
            0.34682936703204015,
            2.915510779436039,
            2.8839340796018775,
            2.852357379767716,
            2.8207806799335544,
            2.7892039800993924,
            2.757627280265231,
            2.7260505804310693,
            2.6944738805969077,
            2.662897180762746,
            2.6313204809285846,
            2.599743781094423,
            2.5681670812602615,
            2.5365903814261,
            2.5050136815919384,
            2.473436981757777,
            2.441860281923615,
            2.4102835820894533,
            2.3787068822552917,
            2.34713018242113,
            2.3155534825869686,
            2.283976782752807,
            2.2524000829186455,
            2.2208233830844835,
            2.189246683250322,
            2.1576699834161603,
            2.126093283581999,
            2.0945165837478372,
            2.0629398839136757,
            2.031363184079514,
            1.9997864842453525,
            1.968209784411191,
            1.9366330845770294,
            1.9050563847428676,
            1.873479684908706,
            1.8419029850745445,
            1.810326285240383,
            1.7787495854062212,
            1.7471728855720596,
            1.715596185737898,
            1.6840194859037365,
            1.652442786069575,
            1.6208660862354132,
            1.5892893864012516,
            1.5577126865670898,
            1.5261359867329285,
            1.494559286898767,
            1.4629825870646052,
            1.4314058872304436,
            1.3998291873962818,
            1.3682524875621205,
            1.336675787727959,
            1.3050990878937971,
            1.2735223880596356,
            1.2419456882254742,
            1.2103689883913125,
            1.178792288557151,
            1.1472155887229891,
            1.1156388888888276,
            1.084062189054666,
            1.0524854892205042,
            1.0209087893863429,
            0.9893320895521811,
            0.9577553897180195,
            0.926178689883858,
            0.8946019900496962,
            0.8630252902155346,
            0.8314485903813731,
            0.7998718905472115,
            0.76829519071305,
            0.7367184908788884,
            0.7051417910447269,
            0.6735650912105648,
            0.6419883913764033,
            0.6104116915422422,
            0.5788349917080802,
            0.5472582918739186,
            0.515681592039757,
            0.4841048922055955,
            0.45252819237143393,
            0.4209514925372724,
            0.3893747927031108,
            0.3577980928689488,
            0.3262213930347877,
            0.2946446932006257,
            0.26306799336646414,
            0.23149129353230302,
            0.19991459369814102,
            0.16833789386397946,
            0.13676119402981746,
            0.10518449419565634,
            0.07360779436149478,
            0.04203109452733278,
            0.010454394693171665,
            -0.02112230514099034,
            -0.0526990049751519,
            -0.08427570480931301,
            -0.11585240464347502,
            -0.14742910447763657,
            -0.17900580431179858,
            -0.2105825041459597,
            -0.24215920398012125,
            -0.27373590381428325,
            -0.30531260364844437,
            -0.3368893034826064,
            -0.36846600331676793,
            -0.40004270315092905,
            -0.43161940298509105,
            -0.4631961028192526,
            -0.49477280265341417,
            -0.5263495024875757,
            -0.5579262023217377,
            -0.5895029021558993,
            -0.6210796019900604,
            -0.6526563018242224,
            -0.684233001658384,
            -0.7158097014925451,
            -0.7473864013267071,
            -0.7789631011608686,
            -0.8105398009950302,
            -0.8421165008291918,
            -0.8736932006633538,
            -0.9052699004975153,
            -0.9368466003316764,
            -0.9684233001658384,
            -1.0
        ]
    }
}