{
    "SFLine": [
        [
            508.12733440968543,
            439.8665970999161
        ],
        [
            491.8007391457182,
            453.41068389403404
        ],
        [
            494.5832476155675,
            423.54000183594883
        ]
    ],
    "a": 1.4779125445232246,
    "aNorth": 1.6949407587461285,
    "dist": [
        0.0,
        1.694915254237288,
        3.389830508474576,
        5.084745762711864,
        6.779661016949152,
        8.47457627118644,
        10.169491525423728,
        11.864406779661017,
        13.559322033898304,
        15.254237288135592,
        16.94915254237288,
        18.64406779661017,
        20.338983050847457,
        22.033898305084744,
        23.728813559322035,
        25.423728813559322,
        27.11864406779661,
        28.813559322033896,
        30.508474576271183,
        32.20338983050847,
        33.89830508474576,
        35.59322033898305,
        37.28813559322034,
        38.983050847457626,
        40.67796610169491,
        42.3728813559322,
        44.06779661016949,
        45.762711864406775,
        47.45762711864407,
        49.152542372881356,
        50.847457627118644,
        52.54237288135593,
        54.23728813559322,
        55.932203389830505,
        57.62711864406779,
        59.32203389830508,
        61.01694915254237,
        62.71186440677966,
        64.40677966101694,
        66.10169491525423,
        67.79661016949152,
        69.49152542372882,
        71.1864406779661,
        72.88135593220339,
        74.57627118644068,
        76.27118644067797,
        77.96610169491525,
        79.66101694915254,
        81.35593220338983,
        83.05084745762711,
        84.7457627118644,
        86.44067796610169,
        88.13559322033898,
        89.83050847457626,
        91.52542372881355,
        93.22033898305084,
        94.91525423728814,
        96.61016949152543,
        98.30508474576271,
        100.0
    ],
    "ds": 10,
    "name": "default",
    "sTrack": 590.0,
    "x": [
        493.1919933806428,
        501.1752189400693,
        519.2805785696281,
        550.0094957594725,
        577.0807179752024,
        602.2571534539919,
        631.0188613178431,
        656.0215285535526,
        674.1476845814578,
        695.2468908962953,
        706.5693791776371,
        714.3584553943534,
        718.0251927731955,
        716.2067486349887,
        708.9088025652038,
        697.512407171583,
        681.4318196460355,
        662.1419081603418,
        638.4481623374684,
        613.3377573980076,
        578.8131650051654,
        557.2792995993324,
        530.2343025047918,
        500.64891289445444,
        470.27152589121243,
        442.40983475730394,
        413.8287829726109,
        385.7791724522334,
        354.9537343964744,
        322.26358309854186,
        298.0362207020468,
        270.81734479258677,
        242.27037932422965,
        216.49670927708723,
        189.12308833799045,
        161.73606474287593,
        136.8015415875203,
        120.10656667677692,
        106.05475825099337,
        93.4831445454447,
        84.15763676175138,
        81.90283381003532,
        83.81573433325592,
        92.01136418117838,
        100.59479939063358,
        115.56529214540791,
        132.66927635812272,
        151.3078801107286,
        174.69292129923878,
        200.4444726152009,
        232.8235912927195,
        253.25450711487778,
        284.6208006356148,
        312.41069240995046,
        343.33851944498673,
        373.5598989360165,
        403.1319265506032,
        431.71285296974116,
        462.00699896459497,
        493.1919933806428
    ],
    "y": [
        438.47534286499143,
        437.88245315633975,
        436.2372584835973,
        431.3555167973634,
        423.9106387604411,
        412.7895519798841,
        394.1277696482808,
        370.6976339537309,
        349.1980440757548,
        316.8916967717426,
        292.7696730785009,
        267.26995093369516,
        236.67407724590288,
        209.42237886650946,
        179.95794928663122,
        153.33839865312814,
        127.90394310779367,
        105.81721513527475,
        85.45983772131578,
        71.2418022241561,
        60.127715498894496,
        56.67693957507566,
        53.861460078819775,
        51.314504700819676,
        48.45031773109327,
        45.17006988773226,
        42.316539543954555,
        41.313654908922715,
        40.859707583099684,
        40.20929631447804,
        40.0969400401802,
        41.14758358861175,
        45.01693517465854,
        52.01922426929737,
        62.878680310946514,
        78.45794981352319,
        98.48347895157214,
        116.83753554848525,
        139.04046722025564,
        167.52369770996785,
        199.86123945902682,
        225.08381062221787,
        251.41067748097797,
        284.4989704000436,
        306.0386631138309,
        333.44705195443174,
        356.8607149111204,
        375.6916427700223,
        392.4634548232897,
        406.20796647269015,
        417.55366325562215,
        422.4823059797664,
        428.2841586317961,
        432.1538711732223,
        435.28347849209996,
        437.43260462839453,
        438.8839502930331,
        439.8607836279747,
        439.67535106504823,
        438.47534286499143
    ]
}