{
    "SFLine": [
        [
            510.60758315602203,
            440.8551388595456
        ],
        [
            494.77683954972593,
            454.9756047467505
        ],
        [
            496.48711726881714,
            425.0243952532495
        ]
    ],
    "a": 1.5137561436997975,
    "aNorth": 4.89,
    "dist": [
        0.0,
        1.694915254237288,
        3.389830508474576,
        5.084745762711864,
        6.779661016949152,
        8.47457627118644,
        10.169491525423728,
        11.864406779661017,
        13.559322033898304,
        15.254237288135592,
        16.94915254237288,
        18.64406779661017,
        20.338983050847457,
        22.033898305084744,
        23.728813559322035,
        25.423728813559322,
        27.11864406779661,
        28.813559322033896,
        30.508474576271183,
        32.20338983050847,
        33.89830508474576,
        35.59322033898305,
        37.28813559322034,
        38.983050847457626,
        40.67796610169491,
        42.3728813559322,
        44.06779661016949,
        45.762711864406775,
        47.45762711864407,
        49.152542372881356,
        50.847457627118644,
        52.54237288135593,
        54.23728813559322,
        55.932203389830505,
        57.62711864406779,
        59.32203389830508,
        61.01694915254237,
        62.71186440677966,
        64.40677966101694,
        66.10169491525423,
        67.79661016949152,
        69.49152542372882,
        71.1864406779661,
        72.88135593220339,
        74.57627118644068,
        76.27118644067797,
        77.96610169491525,
        79.66101694915254,
        81.35593220338983,
        83.05084745762711,
        84.7457627118644,
        86.44067796610169,
        88.13559322033898,
        89.83050847457626,
        91.52542372881355,
        93.22033898305084,
        94.91525423728814,
        96.61016949152543,
        98.30508474576271,
        100.0
    ],
    "ds": 10,
    "name": "default",
    "sTrack": 590.0,
    "x": [
        495.63197840927154,
        502.84628356899367,
        529.7438138809539,
        558.6552669967311,
        586.4129373501942,
        616.3569714834518,
        642.0727512969796,
        666.6869448989808,
        688.2982898380067,
        704.7862313663395,
        717.6062623124446,
        725.3533023135226,
        727.5462926822539,
        723.9357045919762,
        715.1581115265348,
        703.0404816130895,
        686.0698481515002,
        667.6552833032038,
        641.1654579863442,
        617.836698373651,
        589.3179156527003,
        560.728194649884,
        533.6655898611742,
        500.0811992949503,
        474.25395167463046,
        441.8160195275105,
        411.5615060071324,
        382.79924646338014,
        356.005307613113,
        327.06966157424586,
        298.554858794591,
        270.1066631339426,
        239.74983031124606,
        210.46067725296027,
        181.43776431514075,
        154.67606829637347,
        130.05701780906975,
        111.49971486987111,
        95.3369146157798,
        82.01655330688472,
        75.03997518358423,
        72.50394615152035,
        73.97814793407376,
        78.11380059172242,
        88.96259005813477,
        104.49442463852039,
        123.12412561202886,
        143.77255403820715,
        169.57267103598278,
        196.2757500975583,
        226.7477870003911,
        251.95398305548844,
        280.4625848088646,
        310.63973683273224,
        338.49579694793806,
        370.916611090412,
        399.660109084729,
        430.7145670517898,
        462.48045069758507,
        495.63197840927154
    ],
    "y": [
        440.0,
        439.73617928064607,
        437.4791321129357,
        432.28725752723807,
        423.858473550155,
        410.4965947996867,
        393.92198025644797,
        372.84347381005466,
        348.8937935993513,
        324.1040961787557,
        297.7489695319764,
        268.9110690642913,
        238.24959513577883,
        210.1087885103368,
        179.81207407882692,
        153.07384439584666,
        127.065898390357,
        107.28879145808756,
        85.84548023558338,
        72.98072255104849,
        61.24039479325376,
        52.87785724660961,
        47.5142639166353,
        43.53117777471062,
        42.298531450539,
        41.92441099005786,
        42.010380598483344,
        41.71471476956739,
        40.91068068405658,
        40.36374775023412,
        40.00937304091575,
        41.00718587918566,
        43.969189182416194,
        49.72693522281735,
        59.974629922386896,
        73.9904262112744,
        93.01244521862778,
        114.92961020366906,
        140.35978802974935,
        170.4531157375388,
        197.4952780924225,
        224.38877502057287,
        256.82011661512246,
        279.78109426832594,
        310.8850046235876,
        339.80286174702275,
        363.73437005876525,
        382.6672734230154,
        399.67299520250856,
        412.231122781482,
        421.7358283713534,
        426.4543085996993,
        429.46083951133386,
        431.4099681365373,
        433.41516528977075,
        435.4367426211124,
        437.16039065322025,
        438.8408166532855,
        439.73530509893,
        440.0
    ]
}