{
    "BDRS": false,
    "BP2P": false,
    "Coasting": {
        "CarSetup": {},
        "NGear": [],
        "QFuelCoastPolyFit": [],
        "SetupName": "SetupName",
        "gLongCoastPolyFit": []
    },
    "NABSDisabled": 0,
    "NTC1Disabled": 0,
    "NTC2Disabled": 0,
    "UpshiftSettings": {
        "BShiftTone": [
            false,
            false,
            false,
            false,
            false,
            false,
            false
        ],
        "CarSetup": {},
        "NGear": [
            1,
            2,
            3,
            4,
            5,
            6,
            7
        ],
        "SetupName": "SetupName",
        "nMotorShiftOptimal": [
            99999,
            99999,
            99999,
            99999,
            99999,
            99999,
            99999
        ],
        "nMotorShiftTarget": [
            99999,
            99999,
            99999,
            99999,
            99999,
            99999,
            99999
        ],
        "vCarShiftOptimal": [
            99999,
            99999,
            99999,
            99999,
            99999,
            99999,
            99999
        ],
        "vCarShiftTarget": [
            99999,
            99999,
            99999,
            99999,
            99999,
            99999,
            99999
        ]
    },
    "UpshiftStrategy": 4,
    "UserShiftFlag": [
        true,
        true,
        true,
        true,
        true,
        false,
        false
    ],
    "UserShiftRPM": [
        6710.0,
        7417.0,
        7629.0,
        7706.0,
        7766.0,
        4000.0,
        4000.0
    ],
    "dcList": {
        "dcBrakeBias": [
            "BrakeBias",
            true,
            1
        ],
        "dcStarter": [
            "Starter",
            false,
            0
        ]
    },
    "iRShiftRPM": [
        6500.0,
        7300.0,
        7300.0,
        7950.0
    ],
    "name": "Chevrolet National Impala",
    "tLap": {
        "daytona 2011 oval": [
            0.0,
            0.1267907600396812,
            0.2595994212519509,
            0.3923789203294426,
            0.5251249796627979,
            0.657816048306191,
            0.7904214427338863,
            0.9229070030228447,
            1.0552952208746353,
            1.187615749717148,
            1.3198479911188432,
            1.4519615453672392,
            1.5839345529047733,
            1.7157941652265312,
            1.8475845102885842,
            1.9793032875771002,
            2.110949145831979,
            2.242512341947654,
            2.374005650622344,
            2.505442544933627,
            2.636830228613591,
            2.7681535007579545,
            2.899410097000566,
            3.0305811595707968,
            3.161672781628645,
            3.2926782383282753,
            3.4236350747770423,
            3.5548254924097153,
            3.686424921745948,
            3.8184549366933105,
            3.9509749910106837,
            4.084023363078236,
            4.21757095791243,
            4.351608237659691,
            4.486109961089277,
            4.621052490585467,
            4.756410428194086,
            4.892174531812636,
            5.028323631029352,
            5.16487101281976,
            5.3018296409960435,
            5.439246189401715,
            5.577088676600133,
            5.715361923197843,
            5.854031549519864,
            5.993095433877202,
            6.132546789674538,
            6.2723869215822186,
            6.412608562472238,
            6.5532238509238185,
            6.694241331413404,
            6.835666651337416,
            6.977436697206754,
            7.119453040755936,
            7.261727249071738,
            7.404319063078361,
            7.5472367622735534,
            7.690408038080454,
            7.833819117743042,
            7.97748897548782,
            76.74451139868363,
            76.8943133242171,
            77.0441395653998,
            77.19400757541023,
            77.34392323970056,
            77.493908397272,
            77.64394781309487,
            77.7940676340132,
            77.9442913430296,
            78.09457336567942,
            78.24487535939046,
            78.39518762745647,
            78.54571689086663,
            78.69636494016132,
            78.84710133266705,
            78.99790097040999,
            79.148729945139,
            79.29955255530584,
            79.45072730016787,
            79.60227383870655,
            79.75410846229786,
            79.90616493870719,
            80.05828594175019,
            80.21064313842254,
            80.3633030815997,
            80.51612910919064,
            80.67131232012883,
            80.82171626644529,
            80.97422890570556,
            81.12683208358338,
            81.2794506544354,
            81.43202853893054,
            81.58452215168627,
            81.73687805304017,
            81.88936445414497,
            82.04197748397932,
            82.19467377921467,
            82.34738660012934,
            82.50034173559287,
            82.65380363027427,
            82.80755128656519,
            82.96153200864997,
            83.11562540633842,
            83.26962491327536,
            83.42349808330053,
            83.57764626315917,
            83.73240741657673,
            83.88794646973189,
            84.04414293318347,
            84.20119965391537,
            84.35928954267483,
            84.51824654874915,
            84.67794955047593,
            84.83833132780299,
            84.99938125386353,
            85.16124665545348,
            85.32404794942059,
            85.4877567013949,
            85.65224036422185,
            85.81747684166683,
            85.98408782894204,
            86.15152004025842,
            86.31928190859665,
            86.48745986262786,
            86.65610196668548,
            86.82553151557886,
            86.99591238324331,
            87.16707801528374,
            87.33880719730365,
            87.51102513407898,
            87.68348243349692,
            87.85591158328963,
            88.02823388190892,
            88.20040237872874,
            88.37233996534191,
            88.54389372653618,
            88.71520167202888,
            88.88643216097944,
            89.05740479801146,
            89.22797883535617,
            89.39805305594014,
            89.56764598800052,
            89.7369480087051,
            89.90632909089214,
            90.07585328544255,
            90.24543560445659,
            90.41508970658107,
            90.5850025445119,
            90.75530436978998,
            90.92605498507011,
            91.09733227320224,
            91.26917985475474,
            91.44163843723398,
            91.61474280843512,
            91.78853007676537,
            91.96302591216694,
            92.13817584026849,
            92.31405206813932,
            92.49064984994699,
            92.66790844627236,
            92.84569490982373,
            93.02372738823836,
            93.20189864353637,
            93.380264277771,
            93.55898989764451,
            93.73811184811251,
            93.91759016598908,
            94.09732490472632,
            94.27681405925306,
            94.45588543632242,
            94.63434489133245,
            94.81221459938762,
            94.98949875416362,
            95.16603087545154,
            95.34186562201488,
            95.51707457846499,
            95.6916717672032,
            95.86565423773786,
            96.03896314680658,
            96.21168907387946,
            96.38395463982582,
            96.55576857884401,
            96.72715434359569,
            96.89811035371213,
            97.06847475533971,
            97.23831427600425,
            97.40763906137688,
            97.57644498543101,
            97.74473273149634,
            97.9122849929089,
            98.07929349582733,
            98.24583733463426,
