{
    "BDRS": false,
    "BP2P": false,
    "Coasting": {
        "CarSetup": {},
        "NGear": [],
        "QFuelCoastPolyFit": [],
        "SetupName": "SetupName",
        "gLongCoastPolyFit": []
    },
    "NABSDisabled": 0,
    "NTC1Disabled": 0,
    "NTC2Disabled": 0,
    "UpshiftSettings": {
        "BShiftTone": [
            false,
            false,
            false,
            false,
            false,
            false,
            false
        ],
        "BValid": false,
        "CarSetup": {},
        "NGear": [
            1,
            2,
            3,
            4,
            5,
            6,
            7
        ],
        "SetupName": "SetupName",
        "nMotorShiftOptimal": [
            99999,
            99999,
            99999,
            99999,
            99999,
            99999,
            99999
        ],
        "nMotorShiftTarget": [
            99999,
            99999,
            99999,
            99999,
            99999,
            99999,
            99999
        ],
        "vCarShiftOptimal": [
            99999,
            99999,
            99999,
            99999,
            99999,
            99999,
            99999
        ],
        "vCarShiftTarget": [
            99999,
            99999,
            99999,
            99999,
            99999,
            99999,
            99999
        ]
    },
    "UpshiftStrategy": 1,
    "UserShiftFlag": [
        true,
        true,
        true,
        true,
        true,
        false,
        false
    ],
    "UserShiftRPM": [
        4000,
        4000,
        4000,
        4000,
        4000,
        4000,
        4000
    ],
    "dcList": {
        "dcBrakeBias": [
            "BrakeBias",
            true,
            1
        ],
        "dcStarter": [
            "Starter",
            false,
            0
        ],
        "dcTearOffVisor": [
            "TearOffVisor",
            false,
            0
        ]
    },
    "iRShiftRPM": [
        5400.0,
        8400.0,
        6900.0,
        8600.0
    ],
    "name": "LOORRS Pro-2 Lite",
    "tLap": {
        "charlotte 2018 2019 rallycrosslong": [
            0.0,
            0.2643383833340551,
            0.5486546171960515,
            0.8453456268255435,
            1.15926548536481,
            1.500303309403529,
            1.8728741787447534,
            2.2592148181201153,
            2.646732219184571,
            3.033253299071467,
            3.419784152627171,
            3.8102750403389876,
            4.214348047425062,
            4.62530564765487,
            5.035369864174829,
            5.442551055652768,
            5.860230844390627,
            6.294307231790513,
            6.740985183727876,
            7.198128001006931,
            7.659635831407485,
            8.117085933241514,
            8.573917629559778,
            9.030460231499752,
            9.47641452573409,
            9.90992987597763,
            10.32876712545717,
            10.729500158513641,
            11.122312851619586,
            11.510068377973546,
            11.898548569414228,
            12.2850522006437,
            12.648941190918915,
            13.001661674994944,
            13.34283411663525,
            13.67587673247177,
            14.011439520807997,
            14.343275287569368,
            14.673443771802638,
            15.013220324965806,
            15.3738910137789,
            15.750039786675375,
            16.121045404643294,
            16.488996258478146,
            16.853148636509435,
            17.211013744072627,
            17.56339492870912,
            17.907916186560794,
            18.24084708748472,
            18.565820799682616,
            18.884904753694865,
            19.195741697626847,
            19.50017911451644,
            19.79889189767192,
            20.093310750521955,
            20.38612219015106,
            20.677193612126196,
            20.96595042236381,
            21.25217736431986,
            21.536630659778286,
            21.820327145207695,
            22.110398873691597,
            22.413874284037014,
            22.730382777039825,
            23.064452584090056,
            23.42561814180223,
            23.836309978679154,
            24.322156517340737,
            24.861306857609485,
            25.42170658396829,
            25.98933912585353,
            26.554354977111736,
            27.11431781732988,
            27.66296710136986,
            28.19015958523717,
            28.696658864848768,
            29.180869406046238,
            29.637311325598205,
            30.06466676368594,
            30.46727672169625,
            30.865655848498285,
            31.310326026953067,
            31.859767725759266,
            32.6346443489256,
            33.82327328581149,
            34.84256591781236,
            35.594683779892684,
            36.26201153032544,
            36.94315270900606,
            37.60145644441425,
            38.20294897920698,
            38.75614746775401,
            39.27268264409132,
            39.75457556800913,
            40.207914002138274,
            40.6399228563408,
            41.0530002250553,
            41.44469474710791,
            41.81835602108765,
            42.18652401345218,
            42.55322328299232,
            42.90814801490633,
            43.25249838294354,
            43.59280863207353,
            43.93351488939729,
            44.26520298031115,
            44.59446690876265,
            44.934679905196425,
            45.279428692187025,
            45.62919987457958,
            45.99213598317767,
            46.36390958139497,
            46.73682281919464,
            47.10506798523121,
            47.46277921141555,
            47.807210979987325,
            48.141598502387176,
            48.467524915941596,
            48.78721571926532,
            49.10147408608221,
            49.41225411969095,
            49.72213410796605,
            50.029910901525255,
            50.33468589546937,
            50.636556101957204,
            50.93296580881859,
            51.22288340959213,
            51.50926771576056,
            51.79313424748049,
            52.073790254815755,
            52.34909431046949,
            52.619137510804464,
            52.88575863527408,
            53.15016838538917,
            53.39999999995143
        ]
    }
}