{
    "BDRS": false,
    "BP2P": false,
    "Coasting": {
        "CarSetup": {},
        "NGear": [],
        "QFuelCoastPolyFit": [],
        "SetupName": "SetupName",
        "gLongCoastPolyFit": []
    },
    "NABSDisabled": 0,
    "NTC1Disabled": 0,
    "NTC2Disabled": 0,
    "UpshiftSettings": {
        "BShiftTone": [
            false,
            false,
            false,
            false,
            false,
            false,
            false
        ],
        "BValid": false,
        "CarSetup": {},
        "NGear": [
            1,
            2,
            3,
            4,
            5,
            6,
            7
        ],
        "SetupName": "SetupName",
        "nMotorShiftOptimal": [
            99999,
            99999,
            99999,
            99999,
            99999,
            99999,
            99999
        ],
        "nMotorShiftTarget": [
            99999,
            99999,
            99999,
            99999,
            99999,
            99999,
            99999
        ],
        "vCarShiftOptimal": [
            99999,
            99999,
            99999,
            99999,
            99999,
            99999,
            99999
        ],
        "vCarShiftTarget": [
            99999,
            99999,
            99999,
            99999,
            99999,
            99999,
            99999
        ]
    },
    "UpshiftStrategy": 1,
    "UserShiftFlag": [
        true,
        true,
        true,
        true,
        true,
        false,
        false
    ],
    "UserShiftRPM": [
        4000,
        4000,
        4000,
        4000,
        4000,
        4000,
        4000
    ],
    "dcList": {
        "dcAntiRollFront": [
            "AntiRollFront",
            true,
            0
        ],
        "dcAntiRollRear": [
            "AntiRollRear",
            true,
            0
        ],
        "dcBrakeBias": [
            "BrakeBias",
            true,
            1
        ],
        "dcStarter": [
            "Starter",
            false,
            0
        ],
        "dcTearOffVisor": [
            "TearOffVisor",
            false,
            0
        ]
    },
    "iRShiftRPM": [
        8500.0,
        8900.0,
        9300.0,
        9500.0
    ],
    "name": "Lotus 49",
    "tLap": {
        "mosport": [
            0.0,
            0.17898385732169014,
            0.36051432046897136,
            78.6442139609043,
            78.8173971570846,
            78.98824315369194,
            79.15765352080511,
            79.32856501181553,
            79.50370596721386,
            79.68286048534314,
            79.86605001605292,
            80.05185846995487,
            80.2394361197732,
            80.42863406499802,
            80.62055056105464,
            80.81491793907277,
            81.0125460633693,
            81.21485468224954,
            81.42335077422615,
            81.63852156971525,
            81.8594994105883,
            82.08493269200055,
            82.31430403245676,
            82.5471423483676,
            82.78292988535148,
            83.0198925850227,
            83.25833159114573,
            83.49930291741272,
            83.73655834256202,
            83.96851306268152,
            84.19697767416729,
            84.42060940510567,
            84.63935141735755,
            84.85289228797436,
            85.06193479868537,
            85.2671398224328,
            85.46942803572499,
            85.66888442343581,
            85.86521105058102,
            86.05780260627911,
            86.24638357140527,
            86.43153471878935,
            86.61386935722145,
            86.7930200523846,
            86.96965009166937,
            87.14361693910445,
            87.31544492520584,
            87.48537272711728,
            87.65473049655401,
            87.8243240010147,
            87.99236691256819,
            88.15879243713447,
            88.32378356474631,
            88.48753193870225,
            88.65206715618085,
            88.81953485345598,
            88.99168566123274,
            89.16843608592941,
            89.34934778523007,
            89.53557871567003,
            89.72700247884272,
            89.92331311703391,
            90.12364829688755,
            90.32807588970289,
            90.53712008923938,
            90.75041153735717,
            90.96738066864046,
            91.1889613625687,
            91.41525786929552,
            91.64392497789771,
            91.87238664441085,
            92.10392992787833,
            92.33787881536838,
            92.5708466779618,
            92.79966155225011,
            93.02308198307385,
            93.24103801741853,
            93.45415143038656,
            93.66227479179554,
            93.86588185027288,
            94.06547109934057,
            94.26035687665896,
            94.45036482691889,
            94.63628891875706,
            94.82678459450791,
            95.00487252668087,
            95.19109178898975,
            95.37921036634123,
            95.5702682724425,
            95.76362538074271,
            95.95686628627008,
            96.14944756343064,
            96.34204199484573,
            96.53412598201457,
            96.72452117953264,
            96.91242197045774,
            97.09721596483254,
            97.27863491664522,
            97.45699393431893,
            97.63301236664205,
            97.80950762605545,
            97.9891886489737,
            98.17548389060362,
            98.36741981483001,
            98.56475492440644,
            98.76939608297228,
            98.98241172607612,
            99.20212744151674,
            99.42710219876949,
            99.65805673761274,
            99.89434363039658,
            100.13553102491254,
            100.38021772452377,
            100.63066933991306,
            100.88722642671057,
            101.14740122660957,
            101.40890613298797,
            101.67254571690701,
            101.93496302189078,
            102.19525105481114,
            102.45596080787374,
            102.71801237650642,
            102.97623513095886,
            103.22792968623007,
            103.4756946617391,
            103.7197249579191,
            103.95946544435137,
            104.19409282899394,
            104.42326039412707,
            104.64646929629876,
            104.86424669520319,
            105.07737297129135,
            105.28679754237413,
            105.49250783669032,
            105.69483871111176,
            105.8936341179563,
            106.08772550760469,
            106.27714803936212,
            106.46281328781896,
            106.64491091494472,
            106.82395122781858,
            107.00022331586732,
            107.17397817673385,
            107.34551192973336,
            107.5151540635163,
            107.68463482707486,
            107.85413894428446,
            108.0220140863217,
            108.18814619956304,
            108.35259601162448,
            108.51539946476318,
            108.67673443068718,
            108.83658395957173,
            108.99503022030771,
            109.15223880897834,
            109.30914520792767,
            109.46723795253062,
            109.6277336959514,
            109.79079835297526,
            109.95548601368688,
            110.12106232105977,
            110.28575587533155,
            110.45098065779565,
            110.61780791002876,
            110.78663437896631,
            110.96051617044273,
            111.13673847709286,
            111.31422856786862,
            111.49283474075234,
            111.67260420002488,
            111.85399922946714,
            112.03772682783809,
            112.22383816058914,
            112.41276288742635,
            112.60472017490868,
            112.79885153681751,
            112.99384212189037,
            113.18609899906014,
            113.3751063559296,
            113.56128233618915,
            113.74494124601252,
